{
    "name": "root",
    "gauges": {
        "Character.Policy.Entropy.mean": {
            "value": 0.9324082136154175,
            "min": 0.9324082136154175,
            "max": 0.9324082136154175,
            "count": 1
        },
        "Character.Policy.Entropy.sum": {
            "value": 26286.453125,
            "min": 26286.453125,
            "max": 26286.453125,
            "count": 1
        },
        "Character.Environment.EpisodeLength.mean": {
            "value": 141.9318181818182,
            "min": 141.9318181818182,
            "max": 141.9318181818182,
            "count": 1
        },
        "Character.Environment.EpisodeLength.sum": {
            "value": 24980.0,
            "min": 24980.0,
            "max": 24980.0,
            "count": 1
        },
        "Character.Self-play.ELO.mean": {
            "value": 1210.1608913291666,
            "min": 1210.1608913291666,
            "max": 1210.1608913291666,
            "count": 1
        },
        "Character.Self-play.ELO.sum": {
            "value": 106494.15843696665,
            "min": 106494.15843696665,
            "max": 106494.15843696665,
            "count": 1
        },
        "Character.Step.mean": {
            "value": 539951.0,
            "min": 539951.0,
            "max": 539951.0,
            "count": 1
        },
        "Character.Step.sum": {
            "value": 539951.0,
            "min": 539951.0,
            "max": 539951.0,
            "count": 1
        },
        "Character.Policy.ExtrinsicValueEstimate.mean": {
            "value": -9.765989303588867,
            "min": -9.765989303588867,
            "max": -9.765989303588867,
            "count": 1
        },
        "Character.Policy.ExtrinsicValueEstimate.sum": {
            "value": -849.6410522460938,
            "min": -849.6410522460938,
            "max": -849.6410522460938,
            "count": 1
        },
        "Character.Environment.CumulativeReward.mean": {
            "value": -0.6551724137931034,
            "min": -0.6551724137931034,
            "max": -0.6551724137931034,
            "count": 1
        },
        "Character.Environment.CumulativeReward.sum": {
            "value": -57.0,
            "min": -57.0,
            "max": -57.0,
            "count": 1
        },
        "Character.Policy.ExtrinsicReward.mean": {
            "value": -0.6551724137931034,
            "min": -0.6551724137931034,
            "max": -0.6551724137931034,
            "count": 1
        },
        "Character.Policy.ExtrinsicReward.sum": {
            "value": -57.0,
            "min": -57.0,
            "max": -57.0,
            "count": 1
        },
        "Character.IsTraining.mean": {
            "value": 1.0,
            "min": 1.0,
            "max": 1.0,
            "count": 1
        },
        "Character.IsTraining.sum": {
            "value": 1.0,
            "min": 1.0,
            "max": 1.0,
            "count": 1
        }
    },
    "metadata": {
        "timer_format_version": "0.1.0",
        "start_time_seconds": "1653928288",
        "python_version": "3.7.0 (v3.7.0:1bf9cc5093, Jun 27 2018, 04:59:51) [MSC v.1914 64 bit (AMD64)]",
        "command_line_arguments": "C:\\Users\\DreStar\\AppData\\Local\\Programs\\Python\\Python37\\Scripts\\mlagents-learn CharacterHard.yaml --run-id=CharacterHard2 --resume",
        "mlagents_version": "0.28.0",
        "mlagents_envs_version": "0.28.0",
        "communication_protocol_version": "1.5.0",
        "pytorch_version": "1.11.0+cu113",
        "numpy_version": "1.21.6",
        "end_time_seconds": "1653928488"
    },
    "total": 199.881987,
    "count": 1,
    "self": 0.011122099999994361,
    "children": {
        "run_training.setup": {
            "total": 0.13785239999999988,
            "count": 1,
            "self": 0.13785239999999988
        },
        "TrainerController.start_learning": {
            "total": 199.7330125,
            "count": 1,
            "self": 0.03886519999994675,
            "children": {
                "TrainerController._reset_env": {
                    "total": 12.055420599999998,
                    "count": 2,
                    "self": 12.055420599999998
                },
                "TrainerController.advance": {
                    "total": 187.14858470000007,
                    "count": 1239,
                    "self": 0.03686490000038134,
                    "children": {
                        "env_step": {
                            "total": 184.16573509999986,
                            "count": 1239,
                            "self": 171.1504916000001,
                            "children": {
                                "SubprocessEnvManager._take_step": {
                                    "total": 12.991530400000128,
                                    "count": 1239,
                                    "self": 0.20240349999981078,
                                    "children": {
                                        "TorchPolicy.evaluate": {
                                            "total": 12.789126900000317,
                                            "count": 2260,
                                            "self": 2.7707894000002256,
                                            "children": {
                                                "TorchPolicy.sample_actions": {
                                                    "total": 10.018337500000092,
                                                    "count": 2260,
                                                    "self": 10.018337500000092
                                                }
                                            }
                                        }
                                    }
                                },
                                "workers": {
                                    "total": 0.023713099999628895,
                                    "count": 1238,
                                    "self": 0.0,
                                    "children": {
                                        "worker_root": {
                                            "total": 127.87413719999996,
                                            "count": 1238,
                                            "is_parallel": true,
                                            "self": 22.53504349999986,
                                            "children": {
                                                "steps_from_proto": {
                                                    "total": 0.01224620000000165,
                                                    "count": 4,
                                                    "is_parallel": true,
                                                    "self": 0.0033123000000028213,
                                                    "children": {
                                                        "_process_rank_one_or_two_observation": {
                                                            "total": 0.008933899999998829,
                                                            "count": 8,
                                                            "is_parallel": true,
                                                            "self": 0.008933899999998829
                                                        }
                                                    }
                                                },
                                                "UnityEnvironment.step": {
                                                    "total": 105.3268475000001,
                                                    "count": 1238,
                                                    "is_parallel": true,
                                                    "self": 1.0302259000000191,