{
    "name": "root",
    "metadata": {
        "timer_format_version": "0.1.0",
        "start_time_seconds": "1655231018",
        "python_version": "3.7.0 (v3.7.0:1bf9cc5093, Jun 27 2018, 04:59:51) [MSC v.1914 64 bit (AMD64)]",
        "command_line_arguments": "C:\\Users\\DreStar\\AppData\\Local\\Programs\\Python\\Python37\\Scripts\\mlagents-learn CharacterVSEnemy.yaml --run-id=Version3 --force",
        "mlagents_version": "0.28.0",
        "mlagents_envs_version": "0.28.0",
        "communication_protocol_version": "1.5.0",
        "pytorch_version": "1.11.0+cu113",
        "numpy_version": "1.21.6",
        "end_time_seconds": "1655231053"
    },
    "total": 34.6665384,
    "count": 1,
    "self": 0.006893999999995515,
    "children": {
        "run_training.setup": {
            "total": 0.08337609999999995,
            "count": 1,
            "self": 0.08337609999999995
        },
        "TrainerController.start_learning": {
            "total": 34.5762683,
            "count": 1,
            "self": 0.0028258999999692946,
            "children": {
                "TrainerController._reset_env": {
                    "total": 26.357008,
                    "count": 1,
                    "self": 26.357008
                },
                "TrainerController.advance": {
                    "total": 7.882404700000027,
                    "count": 104,
                    "self": 0.0025143999999990285,
                    "children": {
                        "env_step": {
                            "total": 7.8627558000000235,
                            "count": 104,
                            "self": 6.488335199999966,
                            "children": {
                                "SubprocessEnvManager._take_step": {
                                    "total": 1.373004200000036,
                                    "count": 104,
                                    "self": 0.01365640000001278,
                                    "children": {
                                        "TorchPolicy.evaluate": {
                                            "total": 1.3593478000000232,
                                            "count": 206,
                                            "self": 0.16202339999997406,
                                            "children": {
                                                "TorchPolicy.sample_actions": {
                                                    "total": 1.1973244000000491,
                                                    "count": 206,
                                                    "self": 1.1973244000000491
                                                }
                                            }
                                        }
                                    }
                                },
                                "workers": {
                                    "total": 0.0014164000000214116,
                                    "count": 103,
                                    "self": 0.0,
                                    "children": {
                                        "worker_root": {
                                            "total": 9.25125520000002,
                                            "count": 103,
                                            "is_parallel": true,
                                            "self": 2.9674554000000306,
                                            "children": {
                                                "steps_from_proto": {
                                                    "total": 0.0020242000000010307,
                                                    "count": 2,
                                                    "is_parallel": true,
                                                    "self": 0.0004792999999949643,
                                                    "children": {
                                                        "_process_rank_one_or_two_observation": {
                                                            "total": 0.0015449000000060664,
                                                            "count": 4,
                                                            "is_parallel": true,
                                                            "self": 0.0015449000000060664
                                                        }
                                                    }
                                                },
                                                "UnityEnvironment.step": {
                                                    "total": 6.281775599999989,
                                                    "count": 103,
                                                    "is_parallel": true,
                                                    "self": 0.05678190000000782,
                                                    "children": {
                                                        "UnityEnvironment._generate_step_input": {
                                                            "total": 0.03581270000000103,
                                                            "count": 103,
                                                            "is_parallel": true,
                                                            "self": 0.03581270000000103
                                                        },
                                                        "communicator.exchange": {
                                                            "total": 5.9813368999999845,
                                                            "count": 103,
                                                            "is_parallel": true,
                                                            "self": 5.9813368999999845
                                                        },
                                                        "steps_from_proto": {
                                                            "total": 0.20784409999999554,
                                                            "count": 206,
                                                            "is_parallel": true,
                                                            "self": 0.04572150000002395,
                                                            "children": {
                                                                "_process_rank_one_or_two_observation": {
                                                                    "total": 0.16212259999997158,
                                                                    "count": 412,
                                                                    "is_parallel": true,
                                                                    "self": 0.16212259999997158
                                                                }
                                                            }
                                                        }
                                                    }
                                                }
                                            }
                                        }
                                    }
                                }
                            }
                        },
                        "trainer_advance": {
                            "total": 0.017134500000004493,
                            "count": 103,
                            "self": 0.005772199999999117,
                            "children": {
                                "process_trajectory": {
                                    "total": 0.011362300000005376,
                                    "count": 103,