{
    "name": "root",
    "gauges": {
        "Character.Policy.Entropy.mean": {
            "value": 3.958962917327881,
            "min": 3.7299656867980957,
            "max": 4.294807434082031,
            "count": 527
        },
        "Character.Policy.Entropy.sum": {
            "value": 225185.8125,
            "min": 52530.20703125,
            "max": 415334.1875,
            "count": 527
        },
        "Character.Environment.EpisodeLength.mean": {
            "value": 397.84,
            "min": 272.3835616438356,
            "max": 1051.2,
            "count": 527
        },
        "Character.Environment.EpisodeLength.sum": {
            "value": 39784.0,
            "min": 16980.0,
            "max": 63036.0,
            "count": 527
        },
        "Character.Self-play.ELO.mean": {
            "value": 1061.7999285360502,
            "min": 1042.12859181928,
            "max": 1225.8155534004245,
            "count": 527
        },
        "Character.Self-play.ELO.sum": {
            "value": 53089.99642680251,
            "min": 12053.759887699605,
            "max": 88871.49288844725,
            "count": 527
        },
        "Character.Step.mean": {
            "value": 10539876.0,
            "min": 19679.0,
            "max": 10539876.0,
            "count": 527
        },
        "Character.Step.sum": {
            "value": 10539876.0,
            "min": 19679.0,
            "max": 10539876.0,
            "count": 527
        },
        "Character.Policy.ExtrinsicValueEstimate.mean": {
            "value": 0.15254783630371094,
            "min": -0.7329367995262146,
            "max": 0.7717140316963196,
            "count": 527
        },
        "Character.Policy.ExtrinsicValueEstimate.sum": {
            "value": 7.627391815185547,
            "min": -33.715091705322266,
            "max": 46.970115661621094,
            "count": 527
        },
        "Character.Environment.CumulativeReward.mean": {
            "value": 0.2815588238287945,
            "min": -2.213089112724577,
            "max": 1.8398901499234712,
            "count": 527
        },
        "Character.Environment.CumulativeReward.sum": {
            "value": 13.796382367610931,
            "min": -70.44632095098495,
            "max": 58.45965975522995,
            "count": 527
        },
        "Character.Policy.ExtrinsicReward.mean": {
            "value": 0.2815588238287945,
            "min": -2.213089112724577,
            "max": 1.8398901499234712,
            "count": 527
        },
        "Character.Policy.ExtrinsicReward.sum": {
            "value": 13.796382367610931,
            "min": -70.44632095098495,
            "max": 58.45965975522995,
            "count": 527
        },
        "Character.Losses.PolicyLoss.mean": {
            "value": 0.0325364376921583,
            "min": 0.026475516706234728,
            "max": 0.04170636350495948,
            "count": 527
        },
        "Character.Losses.PolicyLoss.sum": {
            "value": 0.0976093130764749,
            "min": 0.07942655011870418,
            "max": 0.15964878068841767,
            "count": 527
        },
        "Character.Losses.ValueLoss.mean": {
            "value": 0.04838443152757004,
            "min": 0.01891059991056946,
            "max": 32.97205088589378,
            "count": 527
        },
        "Character.Losses.ValueLoss.sum": {
            "value": 0.14515329458271012,
            "min": 0.0597667637478673,
            "max": 98.91615265768134,
            "count": 527
        },
        "Character.Policy.LearningRate.mean": {
            "value": 0.00019470132176623774,
            "min": 0.00019470132176623774,
            "max": 0.00029988709670430107,
            "count": 527
        },
        "Character.Policy.LearningRate.sum": {
            "value": 0.0005841039652987132,
            "min": 0.0005841039652987132,
            "max": 0.00119876379041207,
            "count": 527
        },
        "Character.Policy.Epsilon.mean": {
            "value": 0.1649004288888889,
            "min": 0.1649004288888889,
            "max": 0.19996236555555558,
            "count": 527
        },
        "Character.Policy.Epsilon.sum": {
            "value": 0.4947012866666667,
            "min": 0.4947012866666667,
            "max": 0.7995879300000001,
            "count": 527
        },
        "Character.Policy.Beta.mean": {
            "value": 0.0032485314015555555,
            "min": 0.0032485314015555555,
            "max": 0.004998122041222222,
            "count": 527
        },
        "Character.Policy.Beta.sum": {
            "value": 0.009745594204666667,
            "min": 0.009745594204666667,
            "max": 0.019979437707,
            "count": 527
        },
        "Character.IsTraining.mean": {
            "value": 1.0,
            "min": 1.0,
            "max": 1.0,
            "count": 527
        },
        "Character.IsTraining.sum": {
            "value": 1.0,
            "min": 1.0,
            "max": 1.0,
            "count": 527
        }
    },
    "metadata": {
        "timer_format_version": "0.1.0",
        "start_time_seconds": "1655232014",
        "python_version": "3.7.0 (v3.7.0:1bf9cc5093, Jun 27 2018, 04:59:51) [MSC v.1914 64 bit (AMD64)]",
        "command_line_arguments": "C:\\Users\\DreStar\\AppData\\Local\\Programs\\Python\\Python37\\Scripts\\mlagents-learn C:/Users/DreStar/AppData/LocalLow/Achromatic/Piece-of-Evolution/Character.yaml --run-id=Character --env=Piece-of-Evolution --num-envs=4 --width=480 --height=270",
        "mlagents_version": "0.28.0",
        "mlagents_envs_version": "0.28.0",
        "communication_protocol_version": "1.5.0",
        "pytorch_version": "1.11.0+cu113",
        "numpy_version": "1.21.6",
        "end_time_seconds": "1655247876"
    },
    "total": 15861.7922251,
    "count": 1,
    "self": 0.4277215000001888,
    "children": {
        "run_training.setup": {
            "total": 0.3069845,
            "count": 1,
            "self": 0.3069845
        },
        "TrainerController.start_learning": {
            "total": 15861.057519099999,
            "count": 1,
            "self": 17.98960049932066,
            "children": {
                "TrainerController._reset_env": {
                    "total": 33.73861489999639,
                    "count": 106,
                    "self": 33.73861489999639
                },
                "TrainerController.advance": {
                    "total": 15808.954042800682,
                    "count": 512348,
                    "self": 19.120912100586793,
                    "children": {
                        "env_step": {
                            "total": 11479.184704400186,
                            "count": 512348,
                            "self": 1918.6277001007184,
                            "children": {
                                "SubprocessEnvManager._take_step": {
                                    "total": 9548.437602300155,
                                    "count": 1036671,
                                    "self": 195.6321513991552,
                                    "children": {
                                        "TorchPolicy.evaluate": {
                                            "total": 9352.805450901,
                                            "count": 2044135,
                                            "self": 1987.3829412003524,
                                            "children": {
                                                "TorchPolicy.sample_actions": {
                                                    "total": 7365.422509700647,
                                                    "count": 2044135,