{"count":1,"self":92.526316799999989,"total":107.02788539999999,"children":{"InitializeActuators":{"count":2,"self":0.0014885999999999999,"total":0.0014885999999999999,"children":null},"InitializeSensors":{"count":2,"self":0.0024798999999999997,"total":0.0024798999999999997,"children":null},"AgentSendState":{"count":4971,"self":0.24243299999999998,"total":10.788455299999999,"children":{"CollectObservations":{"count":1990,"self":10.180947999999999,"total":10.1809478,"children":null},"WriteActionMask":{"count":1990,"self":0.32623179999999996,"total":0.32623179999999996,"children":null},"RequestDecision":{"count":1990,"self":0.0388427,"total":0.0388427,"children":null}}},"DecideAction":{"count":4971,"self":0.9788049,"total":0.9788049,"children":null},"AgentAct":{"count":4971,"self":2.7298044,"total":2.7298043,"children":null}},"gauges":{"Character.CumulativeReward":{"count":12,"max":2.89999914,"min":-2.89999914,"runningAverage":-3.7252903E-09,"value":-2.64999866,"weightedAverage":-0.292739153}},"metadata":{"timer_format_version":"0.1.0","start_time_seconds":"1669625390","unity_version":"2021.3.9f1","command_line_arguments":"C:\\Program Files\\Unity\\Hub\\Editor\\2021.3.9f1\\Editor\\Unity.exe -projectpath C:\\Users\\DreStar\\Documents\\GitHub\\Piece-of-Evolution -useHub -hubIPC -cloudEnvironment production -licensingIpc LicenseClient-DreStar -hubSessionId f2d64690-6de9-11ed-abfe-49fc9a3848dd -accessToken h2fqavRpHNGj8IxcmZcg5DrGoRd4r6w3MDY_0hXZk-Y00df","communication_protocol_version":"1.5.0","com.unity.ml-agents_version":"2.2.1-exp.1","scene_name":"TestBattle","end_time_seconds":"1669625497"}}