{
    "name": "root",
    "metadata": {
        "timer_format_version": "0.1.0",
        "start_time_seconds": "1654937701",
        "python_version": "3.7.0 (v3.7.0:1bf9cc5093, Jun 27 2018, 04:59:51) [MSC v.1914 64 bit (AMD64)]",
        "command_line_arguments": "C:\\Users\\DreStar\\AppData\\Local\\Programs\\Python\\Python37\\Scripts\\mlagents-learn CharacterVSEnemy.yaml --run-id=LearningTest --force",
        "mlagents_version": "0.28.0",
        "mlagents_envs_version": "0.28.0",
        "communication_protocol_version": "1.5.0",
        "pytorch_version": "1.11.0+cu113",
        "numpy_version": "1.21.6",
        "end_time_seconds": "1654937793"
    },
    "total": 92.3462125,
    "count": 1,
    "self": 0.007218399999999292,
    "children": {
        "run_training.setup": {
            "total": 0.0915343999999998,
            "count": 1,
            "self": 0.0915343999999998
        },
        "TrainerController.start_learning": {
            "total": 92.2474597,
            "count": 1,
            "self": 0.00522990000000334,
            "children": {
                "TrainerController._reset_env": {
                    "total": 17.1650609,
                    "count": 1,
                    "self": 17.1650609
                },
                "TrainerController.advance": {
                    "total": 74.8054464,
                    "count": 188,
                    "self": 0.00428569999999695,
                    "children": {
                        "env_step": {
                            "total": 74.7230898,
                            "count": 188,
                            "self": 72.50063999999999,
                            "children": {
                                "SubprocessEnvManager._take_step": {
                                    "total": 2.2198950000000046,
                                    "count": 188,
                                    "self": 0.025027800000035683,
                                    "children": {
                                        "TorchPolicy.evaluate": {
                                            "total": 2.194867199999969,
                                            "count": 368,
                                            "self": 0.46909099999999526,
                                            "children": {
                                                "TorchPolicy.sample_actions": {
                                                    "total": 1.7257761999999737,
                                                    "count": 368,
                                                    "self": 1.7257761999999737
                                                }
                                            }
                                        }
                                    }
                                },
                                "workers": {
                                    "total": 0.002554799999998636,
                                    "count": 187,
                                    "self": 0.0,
                                    "children": {
                                        "worker_root": {
                                            "total": 14.273782100000032,
                                            "count": 187,
                                            "is_parallel": true,
                                            "self": 3.9192839000000266,
                                            "children": {
                                                "steps_from_proto": {
                                                    "total": 0.0019786000000010517,
                                                    "count": 2,
                                                    "is_parallel": true,
                                                    "self": 0.0004655000000042264,
                                                    "children": {
                                                        "_process_rank_one_or_two_observation": {
                                                            "total": 0.0015130999999968253,
                                                            "count": 4,
                                                            "is_parallel": true,
                                                            "self": 0.0015130999999968253
                                                        }
                                                    }
                                                },
                                                "UnityEnvironment.step": {
                                                    "total": 10.352519600000004,
                                                    "count": 187,
                                                    "is_parallel": true,
                                                    "self": 0.10251170000002574,
                                                    "children": {
                                                        "UnityEnvironment._generate_step_input": {
                                                            "total": 0.06888409999999823,
                                                            "count": 187,
                                                            "is_parallel": true,
                                                            "self": 0.06888409999999823
                                                        },
                                                        "communicator.exchange": {
                                                            "total": 9.812905000000015,
                                                            "count": 187,
                                                            "is_parallel": true,
                                                            "self": 9.812905000000015
                                                        },
                                                        "steps_from_proto": {
                                                            "total": 0.36821879999996554,
                                                            "count": 374,
                                                            "is_parallel": true,
                                                            "self": 0.08390129999998663,
                                                            "children": {
                                                                "_process_rank_one_or_two_observation": {
                                                                    "total": 0.2843174999999789,
                                                                    "count": 748,
                                                                    "is_parallel": true,
                                                                    "self": 0.2843174999999789
                                                                }
                                                            }
                                                        }
                                                    }
                                                }
                                            }
                                        }
                                    }
                                }
                            }
                        },
                        "trainer_advance": {
                            "total": 0.07807090000000727,
                            "count": 187,
                            "self": 0.011676500000021406,
                            "children": {
                                "process_trajectory": {
                                    "total": 0.06639439999998586,
                                    "count": 187,
                                    "self": 0.06639439999998586
                                }
                            }
                        }
                    }
                },