{
    "name": "root",
    "metadata": {
        "timer_format_version": "0.1.0",
        "start_time_seconds": "1652869859",
        "python_version": "3.9.2 (tags/v3.9.2:1a79785, Feb 19 2021, 13:44:55) [MSC v.1928 64 bit (AMD64)]",
        "command_line_arguments": "C:\\Users\\DreStar\\AppData\\Local\\Programs\\Python\\Python39\\Scripts\\mlagents-learn Character.yaml --run-id=Character2 --resume",
        "mlagents_version": "0.28.0",
        "mlagents_envs_version": "0.28.0",
        "communication_protocol_version": "1.5.0",
        "pytorch_version": "1.11.0+cu113",
        "numpy_version": "1.22.3",
        "end_time_seconds": "1652869883"
    },
    "total": 23.927582400000002,
    "count": 1,
    "self": 0.0069973000000018715,
    "children": {
        "run_training.setup": {
            "total": 0.13094039999999985,
            "count": 1,
            "self": 0.13094039999999985
        },
        "TrainerController.start_learning": {
            "total": 23.7896447,
            "count": 1,
            "self": 0.01972250000002873,
            "children": {
                "TrainerController._reset_env": {
                    "total": 10.425918399999999,
                    "count": 1,
                    "self": 10.425918399999999
                },
                "TrainerController.advance": {
                    "total": 13.094191499999976,
                    "count": 776,
                    "self": 0.01868270000000294,
                    "children": {
                        "env_step": {
                            "total": 12.998121799999945,
                            "count": 776,
                            "self": 9.229148199999871,
                            "children": {
                                "SubprocessEnvManager._take_step": {
                                    "total": 3.7569435000000144,
                                    "count": 776,
                                    "self": 0.05573520000005594,
                                    "children": {
                                        "TorchPolicy.evaluate": {
                                            "total": 3.7012082999999585,
                                            "count": 771,
                                            "self": 0.8443234999999234,
                                            "children": {
                                                "TorchPolicy.sample_actions": {
                                                    "total": 2.856884800000035,
                                                    "count": 771,
                                                    "self": 2.856884800000035
                                                }
                                            }
                                        }
                                    }
                                },
                                "workers": {
                                    "total": 0.012030100000059107,
                                    "count": 775,
                                    "self": 0.0,
                                    "children": {
                                        "worker_root": {
                                            "total": 13.90607349999993,
                                            "count": 775,
                                            "is_parallel": true,
                                            "self": 7.009325499999894,
                                            "children": {
                                                "steps_from_proto": {
                                                    "total": 0.0005091999999997654,
                                                    "count": 1,
                                                    "is_parallel": true,
                                                    "self": 0.0003116000000016328,
                                                    "children": {
                                                        "_process_rank_one_or_two_observation": {
                                                            "total": 0.0001975999999981326,
                                                            "count": 2,
                                                            "is_parallel": true,
                                                            "self": 0.0001975999999981326
                                                        }
                                                    }
                                                },
                                                "UnityEnvironment.step": {
                                                    "total": 6.896238800000036,
                                                    "count": 775,
                                                    "is_parallel": true,
                                                    "self": 0.07637690000001562,
                                                    "children": {
                                                        "UnityEnvironment._generate_step_input": {
                                                            "total": 0.0655163999999786,
                                                            "count": 775,
                                                            "is_parallel": true,
                                                            "self": 0.0655163999999786
                                                        },
                                                        "communicator.exchange": {
                                                            "total": 6.471112800000004,
                                                            "count": 775,
                                                            "is_parallel": true,
                                                            "self": 6.471112800000004
                                                        },
                                                        "steps_from_proto": {
                                                            "total": 0.2832327000000383,
                                                            "count": 775,
                                                            "is_parallel": true,
                                                            "self": 0.19185960000001678,
                                                            "children": {
                                                                "_process_rank_one_or_two_observation": {
                                                                    "total": 0.09137310000002152,
                                                                    "count": 1550,
                                                                    "is_parallel": true,
                                                                    "self": 0.09137310000002152
                                                                }
                                                            }
                                                        }
                                                    }
                                                }
                                            }
                                        }
                                    }
                                }
                            }
                        },
                        "trainer_advance": {
                            "total": 0.0773870000000283,
                            "count": 775,
                            "self": 0.022322899999997148,
                            "children": {
                                "process_trajectory": {
                                    "total": 0.055064100000031146,
                                    "count": 775,