{
    "name": "root",
    "gauges": {
        "Character.Policy.Entropy.mean": {
            "value": 4.150726318359375,
            "min": 4.115769863128662,
            "max": 4.368946552276611,
            "count": 271
        },
        "Character.Policy.Entropy.sum": {
            "value": 120039.0,
            "min": 51680.40625,
            "max": 417507.5625,
            "count": 271
        },
        "Character.Environment.EpisodeLength.mean": {
            "value": 682.3103448275862,
            "min": 255.66233766233765,
            "max": 1199.0,
            "count": 271
        },
        "Character.Environment.EpisodeLength.sum": {
            "value": 39574.0,
            "min": 16544.0,
            "max": 75812.0,
            "count": 271
        },
        "Character.Self-play.ELO.mean": {
            "value": 995.6665678345979,
            "min": 968.1836187797778,
            "max": 1236.9064969017202,
            "count": 271
        },
        "Character.Self-play.ELO.sum": {
            "value": 28874.33046720334,
            "min": 7910.988585729922,
            "max": 92352.72644332696,
            "count": 271
        },
        "Character.Step.mean": {
            "value": 5459160.0,
            "min": 59661.0,
            "max": 5459160.0,
            "count": 271
        },
        "Character.Step.sum": {
            "value": 5459160.0,
            "min": 59661.0,
            "max": 5459160.0,
            "count": 271
        },
        "Character.Policy.ExtrinsicValueEstimate.mean": {
            "value": 0.3624853193759918,
            "min": -1.0593085289001465,
            "max": 2.6016557216644287,
            "count": 271
        },
        "Character.Policy.ExtrinsicValueEstimate.sum": {
            "value": 10.87455940246582,
            "min": -60.380584716796875,
            "max": 106.35579681396484,
            "count": 271
        },
        "Character.Environment.CumulativeReward.mean": {
            "value": 2.4835444359943786,
            "min": -3.276597738265991,
            "max": 3.6735674256370183,
            "count": 271
        },
        "Character.Environment.CumulativeReward.sum": {
            "value": 72.02278864383698,
            "min": -184.90092599391937,
            "max": 187.0333776473999,
            "count": 271
        },
        "Character.Policy.ExtrinsicReward.mean": {
            "value": 2.4835444359943786,
            "min": -3.276597738265991,
            "max": 3.6735674256370183,
            "count": 271
        },
        "Character.Policy.ExtrinsicReward.sum": {
            "value": 72.02278864383698,
            "min": -184.90092599391937,
            "max": 187.0333776473999,
            "count": 271
        },
        "Character.Losses.PolicyLoss.mean": {
            "value": 0.029355452947008115,
            "min": 0.015281103535865743,
            "max": 0.03266163099712382,
            "count": 271
        },
        "Character.Losses.PolicyLoss.sum": {
            "value": 0.05871090589401623,
            "min": 0.015281103535865743,
            "max": 0.06532326199424764,
            "count": 271
        },
        "Character.Losses.ValueLoss.mean": {
            "value": 0.10851056637863318,
            "min": 0.006532413297099993,
            "max": 36.559442047594175,
            "count": 271
        },
        "Character.Losses.ValueLoss.sum": {
            "value": 0.21702113275726637,
            "min": 0.013064826594199986,
            "max": 36.559442047594175,
            "count": 271
        },
        "Character.Policy.LearningRate.mean": {
            "value": 0.00024549024316992507,
            "min": 0.00024549024316992507,
            "max": 0.00029940339019886997,
            "count": 271
        },
        "Character.Policy.LearningRate.sum": {
            "value": 0.0004909804863398501,
            "min": 0.0002467026677657833,
            "max": 0.0005981956206014599,
            "count": 271
        },
        "Character.Policy.Epsilon.mean": {
            "value": 0.18183007500000004,
            "min": 0.18183007500000004,
            "max": 0.19980113000000002,
            "count": 271
        },
        "Character.Policy.Epsilon.sum": {
            "value": 0.36366015000000007,
            "min": 0.18223421666666675,
            "max": 0.39939853999999997,
            "count": 271
        },
        "Character.Policy.Beta.mean": {
            "value": 0.004093320742500002,
            "min": 0.004093320742500002,
            "max": 0.004990076387,
            "count": 271
        },
        "Character.Policy.Beta.sum": {
            "value": 0.008186641485000003,
            "min": 0.004113487411666668,
            "max": 0.009969987146000002,
            "count": 271
        },
        "Character.IsTraining.mean": {
            "value": 1.0,
            "min": 1.0,
            "max": 1.0,
            "count": 271
        },
        "Character.IsTraining.sum": {
            "value": 1.0,
            "min": 1.0,
            "max": 1.0,
            "count": 271
        }
    },
    "metadata": {
        "timer_format_version": "0.1.0",
        "start_time_seconds": "1655248749",
        "python_version": "3.7.0 (v3.7.0:1bf9cc5093, Jun 27 2018, 04:59:51) [MSC v.1914 64 bit (AMD64)]",
        "command_line_arguments": "C:\\Users\\DreStar\\AppData\\Local\\Programs\\Python\\Python37\\Scripts\\mlagents-learn C:/Users/DreStar/AppData/LocalLow/Achromatic/Piece-of-Evolution/Character.yaml --run-id=Character --env=Piece-of-Evolution --num-envs=4 --width=480 --height=270 --resume",
        "mlagents_version": "0.28.0",
        "mlagents_envs_version": "0.28.0",
        "communication_protocol_version": "1.5.0",
        "pytorch_version": "1.11.0+cu113",
        "numpy_version": "1.21.6",
        "end_time_seconds": "1655256843"
    },
    "total": 8094.1990706,
    "count": 1,
    "self": 0.01309300000048097,
    "children": {
        "run_training.setup": {
            "total": 0.3154318999999999,
            "count": 1,
            "self": 0.3154318999999999
        },
        "TrainerController.start_learning": {
            "total": 8093.8705457,
            "count": 1,
            "self": 9.512917699934405,
            "children": {
                "TrainerController._reset_env": {
                    "total": 21.61900440000078,
                    "count": 55,
                    "self": 21.61900440000078
                },
                "TrainerController.advance": {
                    "total": 8062.274836300065,
                    "count": 262219,
                    "self": 9.44069890020819,
                    "children": {
                        "env_step": {
                            "total": 6044.5192019000815,
                            "count": 262219,
                            "self": 1020.0375256000307,
                            "children": {
                                "SubprocessEnvManager._take_step": {
                                    "total": 5017.887753700113,
                                    "count": 530788,
                                    "self": 102.88286610042269,
                                    "children": {
                                        "TorchPolicy.evaluate": {
                                            "total": 4915.00488759969,
                                            "count": 1046652,
                                            "self": 1029.5532049992134,
                                            "children": {
                                                "TorchPolicy.sample_actions": {
                                                    "total": 3885.4516826004765,
                                                    "count": 1046652,