{
    "name": "root",
    "gauges": {
        "Character.Policy.Entropy.mean": {
            "value": 4.331085681915283,
            "min": 4.331085681915283,
            "max": 4.392009258270264,
            "count": 5
        },
        "Character.Policy.Entropy.sum": {
            "value": 134991.28125,
            "min": 129210.078125,
            "max": 153193.28125,
            "count": 5
        },
        "Character.Environment.EpisodeLength.mean": {
            "value": 190.83333333333334,
            "min": 190.83333333333334,
            "max": 336.0,
            "count": 5
        },
        "Character.Environment.EpisodeLength.sum": {
            "value": 29770.0,
            "min": 29518.0,
            "max": 30548.0,
            "count": 5
        },
        "Character.Step.mean": {
            "value": 149800.0,
            "min": 29967.0,
            "max": 149800.0,
            "count": 5
        },
        "Character.Step.sum": {
            "value": 149800.0,
            "min": 29967.0,
            "max": 149800.0,
            "count": 5
        },
        "Character.Policy.ExtrinsicValueEstimate.mean": {
            "value": -2.8864247798919678,
            "min": -2.8864247798919678,
            "max": -0.21105805039405823,
            "count": 5
        },
        "Character.Policy.ExtrinsicValueEstimate.sum": {
            "value": -447.3958435058594,
            "min": -447.3958435058594,
            "max": -18.78416633605957,
            "count": 5
        },
        "Character.Environment.CumulativeReward.mean": {
            "value": -7.486322759812878,
            "min": -14.826292897878067,
            "max": -7.486322759812878,
            "count": 5
        },
        "Character.Environment.CumulativeReward.sum": {
            "value": -1160.380027770996,
            "min": -1319.540067911148,
            "max": -1160.380027770996,
            "count": 5
        },
        "Character.Policy.ExtrinsicReward.mean": {
            "value": -7.486322759812878,
            "min": -14.826292897878067,
            "max": -7.486322759812878,
            "count": 5
        },
        "Character.Policy.ExtrinsicReward.sum": {
            "value": -1160.380027770996,
            "min": -1319.540067911148,
            "max": -1160.380027770996,
            "count": 5
        },
        "Character.Losses.PolicyLoss.mean": {
            "value": 0.017251705983653665,
            "min": 0.01287987643154338,
            "max": 0.018250911807020504,
            "count": 5
        },
        "Character.Losses.PolicyLoss.sum": {
            "value": 0.03450341196730733,
            "min": 0.016089086960225055,
            "max": 0.03450341196730733,
            "count": 5
        },
        "Character.Losses.ValueLoss.mean": {
            "value": 1.2767200350761412,
            "min": 0.6369560400644938,
            "max": 1.2767200350761412,
            "count": 5
        },
        "Character.Losses.ValueLoss.sum": {
            "value": 2.5534400701522824,
            "min": 0.6369560400644938,
            "max": 2.5534400701522824,
            "count": 5
        },
        "Character.Policy.LearningRate.mean": {
            "value": 0.0002986257404580866,
            "min": 0.0002986257404580866,
            "max": 0.00029979070006976667,
            "count": 5
        },
        "Character.Policy.LearningRate.sum": {
            "value": 0.0005972514809161732,
            "min": 0.00029893720035426675,
            "max": 0.0005985001604999467,
            "count": 5
        },
        "Character.Policy.Epsilon.mean": {
            "value": 0.19954191333333327,
            "min": 0.19954191333333327,
            "max": 0.19993023333333332,
            "count": 5
        },
        "Character.Policy.Epsilon.sum": {
            "value": 0.39908382666666653,
            "min": 0.1996457333333333,
            "max": 0.39950005333333327,
            "count": 5
        },
        "Character.Policy.Beta.mean": {
            "value": 0.004977141475333333,
            "min": 0.004977141475333333,
            "max": 0.004996518643333334,
            "count": 5
        },
        "Character.Policy.Beta.sum": {
            "value": 0.009954282950666665,
            "min": 0.004982322093333332,
            "max": 0.009975052661333333,
            "count": 5
        },
        "Character.IsTraining.mean": {
            "value": 1.0,
            "min": 1.0,
            "max": 1.0,
            "count": 5
        },
        "Character.IsTraining.sum": {
            "value": 1.0,
            "min": 1.0,
            "max": 1.0,
            "count": 5
        }
    },
    "metadata": {
        "timer_format_version": "0.1.0",
        "start_time_seconds": "1653544796",
        "python_version": "3.9.2 (tags/v3.9.2:1a79785, Feb 19 2021, 13:44:55) [MSC v.1928 64 bit (AMD64)]",
        "command_line_arguments": "C:\\Users\\DreStar\\AppData\\Local\\Programs\\Python\\Python39\\Scripts\\mlagents-learn CharacterHard.yaml --run-id=CharacterHard --force",
        "mlagents_version": "0.28.0",
        "mlagents_envs_version": "0.28.0",
        "communication_protocol_version": "1.5.0",
        "pytorch_version": "1.11.0+cu113",
        "numpy_version": "1.22.3",
        "end_time_seconds": "1653545604"
    },
    "total": 807.9184759,
    "count": 1,
    "self": 0.0071409999999332285,
    "children": {
        "run_training.setup": {
            "total": 0.12939920000000016,
            "count": 1,
            "self": 0.12939920000000016
        },
        "TrainerController.start_learning": {
            "total": 807.7819357000001,
            "count": 1,
            "self": 0.31472989999372203,
            "children": {
                "TrainerController._reset_env": {
                    "total": 16.9815301,
                    "count": 1,
                    "self": 16.9815301
                },
                "TrainerController.advance": {
                    "total": 790.1726412000063,
                    "count": 11917,
                    "self": 0.32870450001053086,
                    "children": {
                        "env_step": {
                            "total": 736.1479381000008,
                            "count": 11917,
                            "self": 684.7317591999958,
                            "children": {
                                "SubprocessEnvManager._take_step": {
                                    "total": 51.20708590000232,
                                    "count": 11918,
                                    "self": 0.987202199999544,
                                    "children": {
                                        "TorchPolicy.evaluate": {
                                            "total": 50.219883700002775,
                                            "count": 11631,
                                            "self": 13.734326600002497,
                                            "children": {
                                                "TorchPolicy.sample_actions": {
                                                    "total": 36.48555710000028,
                                                    "count": 11631,
                                                    "self": 36.48555710000028
                                                }
                                            }
                                        }
                                    }
                                },
                                "workers": {
                                    "total": 0.2090930000026674,
                                    "count": 11916,
                                    "self": 0.0,
                                    "children": {
                                        "worker_root": {
                                            "total": 730.241454799998,
                                            "count": 11916,