{
    "name": "root",
    "gauges": {
        "Character.Policy.Entropy.mean": {
            "value": 3.7444369792938232,
            "min": 3.7444369792938232,
            "max": 3.81085205078125,
            "count": 4
        },
        "Character.Policy.Entropy.sum": {
            "value": 148459.4375,
            "min": 140659.671875,
            "max": 154559.046875,
            "count": 4
        },
        "Character.Environment.EpisodeLength.mean": {
            "value": 49.656565656565654,
            "min": 49.656565656565654,
            "max": 57.23837209302326,
            "count": 4
        },
        "Character.Environment.EpisodeLength.sum": {
            "value": 39328.0,
            "min": 35876.0,
            "max": 39380.0,
            "count": 4
        },
        "Character.Self-play.ELO.mean": {
            "value": 1136.4123656923928,
            "min": 1119.0708259776304,
            "max": 1149.130875066624,
            "count": 4
        },
        "Character.Self-play.ELO.sum": {
            "value": 450019.29681418755,
            "min": 391201.556171998,
            "max": 450019.29681418755,
            "count": 4
        },
        "Character.Step.mean": {
            "value": 799962.0,
            "min": 739960.0,
            "max": 799962.0,
            "count": 4
        },
        "Character.Step.sum": {
            "value": 799962.0,
            "min": 739960.0,
            "max": 799962.0,
            "count": 4
        },
        "Character.Policy.ExtrinsicValueEstimate.mean": {
            "value": -0.5961329340934753,
            "min": -0.5961329340934753,
            "max": -0.3220798373222351,
            "count": 4
        },
        "Character.Policy.ExtrinsicValueEstimate.sum": {
            "value": -236.0686492919922,
            "min": -236.0686492919922,
            "max": -110.79546356201172,
            "count": 4
        },
        "Character.Environment.CumulativeReward.mean": {
            "value": -0.6498484415086833,
            "min": -0.9644098541764325,
            "max": -0.6498484415086833,
            "count": 4
        },
        "Character.Environment.CumulativeReward.sum": {
            "value": -257.3399828374386,
            "min": -331.7569898366928,
            "max": -257.3399828374386,
            "count": 4
        },
        "Character.Policy.ExtrinsicReward.mean": {
            "value": -0.6498484415086833,
            "min": -0.9644098541764325,
            "max": -0.6498484415086833,
            "count": 4
        },
        "Character.Policy.ExtrinsicReward.sum": {
            "value": -257.3399828374386,
            "min": -331.7569898366928,
            "max": -257.3399828374386,
            "count": 4
        },
        "Character.IsTraining.mean": {
            "value": 1.0,
            "min": 1.0,
            "max": 1.0,
            "count": 4
        },
        "Character.IsTraining.sum": {
            "value": 1.0,
            "min": 1.0,
            "max": 1.0,
            "count": 4
        },
        "Character.Losses.PolicyLoss.mean": {
            "value": 0.017414095633042356,
            "min": 0.012423839039790134,
            "max": 0.017414095633042356,
            "count": 3
        },
        "Character.Losses.PolicyLoss.sum": {
            "value": 0.017414095633042356,
            "min": 0.012423839039790134,
            "max": 0.017414095633042356,
            "count": 3
        },
        "Character.Losses.ValueLoss.mean": {
            "value": 0.12122679054737091,
            "min": 0.1040909692645073,
            "max": 0.12122679054737091,
            "count": 3
        },
        "Character.Losses.ValueLoss.sum": {
            "value": 0.12122679054737091,
            "min": 0.1040909692645073,
            "max": 0.12122679054737091,
            "count": 3
        },
        "Character.Policy.LearningRate.mean": {
            "value": 0.00029216778261073985,
            "min": 0.00029216778261073985,
            "max": 0.0002925776024741334,
            "count": 3
        },
        "Character.Policy.LearningRate.sum": {
            "value": 0.00029216778261073985,
            "min": 0.00029216778261073985,
            "max": 0.0002925776024741334,
            "count": 3
        },
        "Character.Policy.Epsilon.mean": {
            "value": 0.19738925999999993,
            "min": 0.19738925999999993,
            "max": 0.19752586666666674,
            "count": 3
        },
        "Character.Policy.Epsilon.sum": {
            "value": 0.19738925999999993,
            "min": 0.19738925999999993,
            "max": 0.19752586666666674,
            "count": 3
        },
        "Character.Policy.Beta.mean": {
            "value": 0.004869724074,
            "min": 0.004869724074,
            "max": 0.004876540746666666,
            "count": 3
        },
        "Character.Policy.Beta.sum": {
            "value": 0.004869724074,
            "min": 0.004869724074,
            "max": 0.004876540746666666,
            "count": 3
        }
    },
    "metadata": {
        "timer_format_version": "0.1.0",
        "start_time_seconds": "1653625213",
        "python_version": "3.9.2 (tags/v3.9.2:1a79785, Feb 19 2021, 13:44:55) [MSC v.1928 64 bit (AMD64)]",
        "command_line_arguments": "C:\\Users\\DreStar\\AppData\\Local\\Programs\\Python\\Python39\\Scripts\\mlagents-learn CharacterHard.yaml --run-id=CharacterHard --resume",
        "mlagents_version": "0.28.0",
        "mlagents_envs_version": "0.28.0",
        "communication_protocol_version": "1.5.0",
        "pytorch_version": "1.11.0+cu113",
        "numpy_version": "1.22.3",
        "end_time_seconds": "1653625839"
    },
    "total": 627.6521802,
    "count": 1,
    "self": 0.0075641999999334075,
    "children": {
        "run_training.setup": {
            "total": 0.15241049999999978,
            "count": 1,
            "self": 0.15241049999999978
        },
        "TrainerController.start_learning": {
            "total": 627.4922055000001,
            "count": 1,
            "self": 0.18473550000328487,
            "children": {
                "TrainerController._reset_env": {
                    "total": 23.733393700000022,
                    "count": 3,
                    "self": 23.733393700000022
                },
                "TrainerController.advance": {
                    "total": 603.1869036999968,
                    "count": 6256,
                    "self": 0.18195199999763645,
                    "children": {
                        "env_step": {
                            "total": 575.8990261999986,
                            "count": 6256,
                            "self": 536.7021071000054,
                            "children": {
                                "SubprocessEnvManager._take_step": {
                                    "total": 39.08872619999518,
                                    "count": 6256,
                                    "self": 0.8274792999933567,
                                    "children": {
                                        "TorchPolicy.evaluate": {
                                            "total": 38.26124690000182,
                                            "count": 9974,
                                            "self": 10.19137559999874,
                                            "children": {
                                                "TorchPolicy.sample_actions": {
                                                    "total": 28.069871300003083,
                                                    "count": 9974,
                                                    "self": 28.069871300003083
                                                }
                                            }
                                        }
                                    }
                                },